Size,Bedrooms,Bathrooms,Location,Age_of_House,Property_type,Market_Trend,Price
2882.026172983832,2,2,Bole,18,single family home,-0.024932169729725354,862368.3474239181
2200.078604183612,4,3,Franko,7,single family home,0.062251338733592204,436319.0504187788
2489.3689920528695,5,3,College,48,single family home,0.1557149743016583,698385.8500891424
3120.446599600729,5,2,Bole,34,single family home,0.066825004236081,733308.4948329879
2933.778995074984,4,2,Bole,14,single family home,0.07239480643318945,665031.7202385793
1511.3610600617944,4,2,Franko,23,single family home,0.08660100208770763,516121.5705077889
2475.044208762795,5,3,College,44,single family home,0.05578066154545067,623089.7538258167
1924.321395851151,3,3,College,1,single family home,-0.02075454145666883,691241.9677656563
1948.390574103221,3,3,College,23,condominium,0.013754785029884385,521832.3384066971
2205.2992509691862,3,3,Bole,47,condominium,-0.11118385532801692,710914.4689469341
2072.021785580439,3,3,Bole,15,single family home,0.09730185456036936,599492.4654322754
2727.1367534814876,2,3,Bole,37,single family home,-0.01195191844031525,640900.3766136087
2380.518862573497,3,2,College,6,condominium,-0.12589850368893885,594390.7061851736
2060.837508246414,5,2,Posta,11,condominium,0.15606600793923878,549690.5035122754
2221.9316163727126,5,3,Posta,4,single family home,-0.027397728693057528,739340.3507809797
2166.8371636871334,5,1,Bole,5,condominium,-0.052659371424891105,577350.0775263781
2747.039536578803,3,2,Bole,31,single family home,-0.24903534662733784,583906.4414631347
1897.4208681170996,4,3,College,6,single family home,0.01917129084363196,579464.0023161888
2156.533850825451,5,2,College,12,single family home,0.012314980174951827,620781.3457246238
1572.9521303491376,3,1,Posta,14,single family home,0.05682746981145373,405678.64596860966
723.5050920829606,2,2,Posta,13,condominium,0.07433021934928605,211397.7520178666
2326.8092977201804,2,2,Franko,8,single family home,0.16087763482779383,398246.73156316706
2432.218099429753,5,2,College,6,single family home,-0.06424471883028644,576066.9787336879
1628.9174897967791,4,2,Ganda Gara,11,condominium,-0.013897322737594734,452326.04305365146
3134.877311993804,2,3,Franko,31,single family home,0.007087841572663161,802936.6747166812
1272.8171627006177,3,1,College,4,single family home,-0.02162236127423342,563141.4145566932
2022.879258650723,3,3,Ganda Gara,35,single family home,-0.09174424403969825,431499.6565382974
1906.4080749870832,2,2,Ganda Gara,2,single family home,0.055845068005831035,605063.826330903
2766.3896071792287,5,2,Bole,44,condominium,-0.1720253962138589,570913.9043162239
2734.679384950143,5,2,Bole,17,single family home,-0.04316478591753931,653361.5825269143
2077.473712848458,2,1,Ganda Gara,40,single family home,-0.03527379707858284,717935.3946048375
2189.0812598010866,3,1,Ganda Gara,18,condominium,0.07038117516983937,467350.63001570705
1556.1071261849436,4,3,Franko,47,single family home,-0.11046918334095134,477236.1530341059
1009.6017658880365,3,2,Ganda Gara,49,single family home,-0.03548270436307495,380488.7856850424
1826.0439253369236,4,1,Bole,8,single family home,-0.03682785664281461,242222.94790477533
2078.17448455199,4,2,Bole,19,condominium,-0.08596195153565474,631742.0829347301
2615.14534036386,2,3,Bole,22,condominium,-0.007675538124777311,657398.4274312659
2601.1899243922057,5,3,Posta,23,condominium,0.004437361323345875,578359.4737912832
1806.336591296024,4,1,Franko,31,single family home,0.11408835876318198,518449.59067688056
1848.8486247123321,3,3,Franko,5,condominium,0.007672293318546842,400701.5038995654
1475.7235174664538,5,1,Franko,32,condominium,-0.07113492184308816,349897.1965732143
1289.9910314105123,5,2,Posta,4,single family home,0.019148998246892767,244870.88586609164
1146.8649046874937,3,1,Franko,49,condominium,-0.022439099225784843,372151.477131855
2975.387697615895,2,3,Posta,10,single family home,-0.12635435514266136,720163.4522813532
1745.1739091241732,5,2,Posta,10,single family home,0.03046604563631669,546195.4126308481
1780.9628491944068,4,3,Ganda Gara,35,single family home,-0.025957431002685463,567670.8900762121
1373.602319975037,3,2,Posta,39,single family home,0.004712441090193751,418285.0414568018
2388.745177915955,4,2,College,31,single family home,0.019045639077660104,550900.2862667955
1193.0510762210242,3,2,College,13,condominium,0.0797831148654796,328448.3706216124
1893.6298598930157,3,2,Franko,49,single family home,0.03051002452133251,482259.20751056256
1552.2667194031621,5,3,College,9,single family home,-0.1004304963440502,399036.2718977443
2193.451248929631,3,1,Ganda Gara,47,single family home,0.1559569695149836,628540.1448063592
1744.5974312155636,5,2,College,25,condominium,-0.05080776317110302,837400.2415233788
1409.683907938794,3,3,Posta,37,condominium,-0.14580247813262345,437620.37313436146
1985.9088858306725,5,3,College,10,condominium,0.029634612438252113,548158.9614900865
2214.1659352652086,5,3,Bole,7,condominium,-0.07244229143938184,448790.8769575306
2033.258611191584,2,1,Ganda Gara,9,single family home,0.14852287691454458,505003.91455900366
2151.2359488698908,5,3,Franko,18,single family home,0.06509994203687114,682783.1385909016
1682.8389531595183,5,3,Bole,10,single family home,0.00340433599364255,490747.646333556
1818.629417006431,5,1,Ganda Gara,2,condominium,0.09379135377832942,589214.8020492026
1663.7697761120244,2,3,Ganda Gara,37,single family home,0.029482570467352004,298861.5782278006
1820.2234192297294,4,3,Ganda Gara,1,single family home,-0.21680654670545813,455345.7369907257
1593.426858977773,4,1,College,42,single family home,0.07842789915264856,424635.25509613747
1136.8586988341617,2,1,College,15,condominium,0.03857356031272733,294507.06818159437
2088.7130711268765,5,1,Bole,28,condominium,0.06359743634712249,691654.1594352562
1799.1095318958692,5,2,Bole,27,single family home,-0.03191301332090559,562160.3956266309
1184.9008265169778,3,1,Posta,35,condominium,-0.03808586393724828,521041.12479443895
2231.391127762887,4,2,Posta,6,condominium,-0.10213870053342933,611422.8492590302
1546.350817808379,5,2,Posta,8,single family home,0.017529564037605288,482246.0188073683
2025.9726978980696,5,1,Ganda Gara,19,condominium,-0.06759905369361718,425169.31386559067
2364.545281088768,4,2,Franko,16,single family home,-0.07875532380821391,586210.4997850686
2064.4914553787053,5,3,Posta,30,condominium,-0.07635011191612077,604116.4210162989
2569.7003422716502,2,3,Bole,39,condominium,0.239514400734479,728359.6866982086
1382.5870898231738,5,1,Franko,17,condominium,0.02565963037504042,329938.82991890534
2201.1708205887744,5,2,Posta,4,single family home,-0.09304592182158919,526241.9955490523
1657.5949545298433,4,3,College,6,condominium,-0.021276936678735717,554583.6397854907
1564.6014254090592,2,2,Posta,38,single family home,0.13548244228563527,556492.9325391906
1710.5751676177922,3,2,Posta,27,single family home,-0.13065461886736982,331944.27927603864
1844.2237339363137,4,3,Ganda Gara,35,condominium,0.10111377984957177,683873.3289939573
2028.0826711148727,3,1,Ganda Gara,34,condominium,0.01686633006630156,395453.73086710426
1417.4250796083218,3,2,Posta,25,single family home,-0.09427567546054932,573735.234453258
2450.4132434770936,2,3,Ganda Gara,43,condominium,0.018214615566784245,628057.3037445756
2232.8312198652297,3,1,College,35,single family home,0.03620353970082173,723874.9085861732
1231.878156861388,2,2,Franko,11,single family home,0.06166530276955683,527251.598565348
2744.1260968978,5,2,Franko,3,single family home,0.10679265413772082,648841.6917741597
2947.9445880152916,2,2,Ganda Gara,2,condominium,-0.0804734773094691,714793.9822481347
2589.3897855798255,4,2,Posta,1,condominium,0.10214251291911612,621452.8762978148
1910.0375820938245,3,1,College,44,condominium,-0.030221630400685002,490241.89990445774
1464.6236892447287,2,2,College,12,condominium,0.24898958488560755,538168.0176471184
2527.225863465568,4,3,Bole,8,condominium,-0.010367178504186367,634929.7661227325
1798.41152651341,2,3,Ganda Gara,36,single family home,-0.11371027449292362,667117.7336624756
2611.222535191214,3,3,Bole,18,single family home,-0.0026187687135143783,759581.1297526691
2104.13748903843,3,1,Ganda Gara,41,condominium,-0.014384499989540387,486117.82751856744
2488.3195182418563,4,3,Bole,9,single family home,-0.046913387582997124,569406.4467033806
2178.183198587201,4,2,Posta,38,single family home,-0.0373724214163477,604056.5662232912
2353.286584095974,4,2,Ganda Gara,33,single family home,0.24048464586235668,582720.1315098646
2005.2500103604102,4,3,Franko,2,single family home,-0.12081182098052197,599373.8239599722
2892.9352469529176,4,1,Ganda Gara,42,condominium,0.0044536173127704545,538255.854067619
2063.45604635181,3,1,Franko,5,condominium,-0.22612210606732291,405876.2824104005
2200.994681722351,5,2,Bole,47,condominium,0.06142382005863534,466771.8109103895
2941.575348528127,4,2,Bole,18,single family home,-0.05772800381336906,825914.3999001035
1326.1204694287767,5,3,Posta,29,condominium,0.1571498548320311,254729.70659921377
1364.7575007571331,4,1,Franko,32,condominium,0.057095820270060355,510992.42291369254
2484.6983540790056,4,3,Posta,18,single family home,0.12004657525467242,572961.4802059078
1413.43829744292,4,2,College,37,single family home,-0.028063312633059043,395886.379919453
2971.8105928246464,3,2,Franko,1,single family home,0.15925515750593866,666749.8942639267
1793.1905096201262,5,3,Ganda Gara,46,condominium,0.10567562378505164,613673.4144535919
1626.272594279621,3,1,Franko,20,single family home,0.1345948995917061,614686.078735907
2961.4710132401924,2,2,Bole,26,single family home,0.009771093996693346,706252.309819105
2740.257395717212,4,2,Posta,30,condominium,-0.09122674436882527,587208.2289813901
2933.779480213285,4,1,College,8,single family home,0.06691521872024765,816430.6002218521
2453.0223291376924,5,2,Posta,27,single family home,0.025205648421445903,491403.87500571
1569.3871574726486,3,1,College,7,condominium,0.0002968630669750454,476727.4639323505
2955.032476549517,3,1,Bole,32,single family home,0.20639540540956555,633871.5548757048
1865.9983145243098,3,2,Posta,46,single family home,-0.017426813537509054,333212.2019311911
2401.228197898198,4,3,Ganda Gara,4,condominium,-0.08364444313441612,602131.1480719313
2473.625983886874,5,2,Ganda Gara,5,single family home,0.025329873303799752,564984.1449664981
1922.4949534545829,2,2,Posta,2,condominium,-0.021254853118770182,573758.2292974406
2307.03968517304,2,2,Posta,13,single family home,-0.07272102338839123,589000.4300079793
2461.1033357832634,3,2,College,9,condominium,-0.2663638021943618,741155.801774158
2188.212765577815,5,3,Posta,34,single family home,0.05583407104836102,490795.6745511093
1450.2996047079027,3,3,College,34,single family home,0.04135643440162199,439479.09910685825
2149.119087103028,3,3,Posta,30,single family home,-0.14984284935313674,543589.9677798839
2663.192948343515,3,1,Posta,30,condominium,-0.1556154480789256,583935.5927782266
1652.7160701343173,2,3,Franko,23,single family home,-0.013297389613212588,660573.8662357775
1925.1827298361645,2,1,College,26,single family home,-0.11286476745957318,520391.18227939424
1782.4232241391812,3,2,Bole,30,condominium,-0.07553708181499247,619671.9501126899
2924.631864239671,5,3,Ganda Gara,4,condominium,-0.051890615275044516,739644.2776765544
2336.1473785062176,2,3,College,43,single family home,-0.2506697334072167,576528.0126906662
2203.730918120555,3,3,Posta,28,single family home,0.0003218864390453583,577769.6228934893
1615.0419627773417,2,3,Ganda Gara,41,condominium,0.09779090269352353,381643.0651734895
2269.624595645909,4,3,Posta,45,single family home,0.14224718676380646,589446.16638665
1662.833669671312,4,2,Bole,14,condominium,0.06053473875714203,431663.7987965339
2015.9152791371755,2,3,College,27,condominium,-0.03305392381164002,598645.6051219617
1682.0769608105595,3,1,College,45,single family home,-0.15835897213446956,352488.70344696136
2338.21664747325,2,1,Posta,25,condominium,0.06501111823096871,391361.9706610346
2288.2954083074706,5,3,Posta,35,single family home,0.019353183180271693,492418.9466521
1895.8506222110025,3,1,College,49,single family home,-0.028403068446108726,684734.2254005659
2198.0033563308225,3,3,Posta,26,single family home,0.07557063234988035,537812.529243993
1453.469245634747,3,2,College,38,single family home,-0.00940018366750564,501295.50871494005
1254.3712036471973,3,1,Franko,32,single family home,-0.01966508548762197,563405.662578302
2219.6958506322685,5,3,Bole,16,single family home,0.17365785187225177,589191.96844872
2083.3367476862645,2,1,College,23,condominium,0.15947272078991767,344983.95863514394
2317.515718446053,2,3,Bole,34,condominium,0.03437281458938645,650797.4542430015
3191.572387431971,4,1,Bole,12,single family home,-0.0780717407760574,782188.1805413897
2472.2397434952068,3,2,Franko,39,condominium,-0.1429778593877904,510725.9638051147
1543.5888872779208,4,1,College,39,single family home,0.08972267186406142,309601.66169429274
2558.5081440479266,5,1,Posta,18,single family home,0.25371690804364283,662545.2559453545
1342.0462947442393,2,1,Posta,29,condominium,-0.03557792386200696,333942.6222433716
1769.2076975926454,2,1,College,44,single family home,0.2061127711061023,504154.4980157567
1965.8791973376844,3,3,College,21,condominium,-0.04625412320896058,514155.48303650704
2856.6713608246832,2,2,Bole,45,single family home,0.06498275403950958,854105.7279378152
1627.62258897578,5,2,Bole,37,single family home,-0.06333596333746006,470781.7934186197
1586.7807306704929,5,1,Ganda Gara,9,condominium,0.04207295074187752,515717.371696129
1950.7737377872838,3,1,Bole,48,single family home,0.014381693295690251,425483.0572489302
1668.2608568189462,4,2,College,6,single family home,0.05246879945785596,474313.3955031479
2563.3179610532534,3,2,Ganda Gara,31,condominium,0.0545753013024738,543119.900709704
1460.0342458182884,5,2,Bole,48,single family home,-0.11204356250299059,442162.6467743275
1426.265673794449,2,2,Posta,3,condominium,-0.012595025504731515,388989.10680721066
1781.089977627783,2,1,Bole,21,condominium,0.19658540478062558,350645.0434103287
1750.9837746538476,2,2,Bole,25,condominium,0.13888872760292367,565649.4045049523
2964.7660269084927,5,1,Bole,45,single family home,-0.09067865124933466,525497.8864376913
2474.7104034628805,4,1,Bole,14,condominium,-0.04465797846566232,576617.1963722254
2043.7756206925953,3,2,Franko,20,single family home,-0.10677661353658369,544893.1028264588
1387.282240584916,4,3,College,34,condominium,-0.07407189772034407,411339.39542822103
2422.1814882007734,2,1,Ganda Gara,39,single family home,-0.04331255988683233,547030.4422904223
1499.8923263052177,3,2,College,29,condominium,0.12125971998041998,419078.58150674927
1227.6144516111942,5,1,Bole,17,single family home,0.1231707910861343,319686.0865638567
2594.0148961761506,5,3,Posta,20,single family home,-0.026546029881746605,603137.0631155174
2158.4713059624246,4,2,Ganda Gara,37,condominium,0.08565326877379716,513245.5094826616
2460.4294118904095,3,1,College,16,single family home,-0.02012344795252398,521321.72991142876
2159.3638264715105,2,3,Posta,38,single family home,-0.07660789281106001,547857.1142893722
2428.4153059513455,4,3,Bole,39,condominium,-0.10858529102342385,551723.2862141147
1674.4872033499266,5,1,Posta,11,condominium,-0.013631329191342629,276055.14945739275
1482.8785791077676,3,2,College,42,condominium,-0.1337280441522072,320554.6895011276
2340.7972591408134,3,2,Ganda Gara,20,single family home,-0.13561337997804548,500542.3894724499
1598.2951679130795,5,1,College,42,condominium,0.07687677603333797,346054.71689204
1655.2251111248997,2,3,Posta,43,single family home,0.014949156606215139,490969.06843824167
1772.2337482413284,2,3,Posta,10,condominium,0.021265489621272237,448426.7030960493
2008.7395795125283,5,3,College,14,condominium,-0.17828601634644825,541267.8223349036
1823.003044373258,5,3,College,10,condominium,-0.06721405150531984,431663.7118146212
1312.5243532909906,2,1,College,30,condominium,0.05833438676953595,354943.87731629034
1678.1907985835546,4,3,Posta,2,single family home,0.23989571891631367,684277.0624205068
888.2984238877866,4,1,Franko,20,condominium,-0.008537375226831203,394375.73210649047
2312.6157255135936,3,2,College,33,single family home,0.0549288649660621,628891.7857790709
1198.9711721966262,3,2,Bole,35,condominium,-0.11262695709690261,473354.23723925714
1447.8083302857747,4,3,Posta,31,single family home,-0.06722974229830801,396693.17322167876
2026.0825396304872,3,3,Franko,37,condominium,-0.06127392038299922,600630.6232057723
1630.2185018043433,4,3,Ganda Gara,27,single family home,0.09106322959848595,481543.5234838593
2771.507297703368,3,2,Franko,41,condominium,-0.008322379912319404,523854.65589623747
1353.5715451382757,4,1,Ganda Gara,1,single family home,-0.011219883213702295,421253.46492535295
2133.5254346745915,3,1,Franko,18,single family home,0.12924425652477398,600977.7679045746
1980.3585908862522,3,1,Posta,32,single family home,-0.009573065814816905,593300.44311937
1415.9532511294015,4,3,Bole,24,single family home,0.07703933815474294,627186.5976041309
2261.638330265877,2,1,Posta,33,single family home,-0.011670732484675343,385730.59019032563
1914.226834388876,4,3,Franko,18,single family home,0.18342782189892112,480898.6596196794
2385.895275606834,4,2,Franko,8,condominium,0.13016048335754693,687604.0922368446
2411.7520769818657,5,1,Ganda Gara,8,condominium,0.017935003977842277,766812.6768859441
3081.617974640345,2,3,College,17,single family home,-0.06519391650499741,627216.4794520288
2668.263974718196,3,1,Posta,43,condominium,0.1660626202147817,554845.9819332161
1815.4090810287782,2,2,Ganda Gara,31,condominium,0.056538848321727335,503710.4707386149
1880.3104112120368,2,1,Franko,31,condominium,0.0709117680587113,730734.1430004737
2549.8297979435565,2,1,Franko,35,condominium,-0.06207607998725412,570043.9585301166
2327.631865361299,5,2,College,26,single family home,0.0904090972267845,530475.025512846
2320.065763048796,5,3,Posta,19,condominium,-0.038741992466536423,584044.3221513066
1191.5219778445828,3,3,Franko,10,condominium,0.13911164700302764,434068.02737435716
1987.8369378005323,4,3,Bole,19,single family home,-0.19006291798083225,605442.5174619475
1630.9845453971557,2,1,College,21,condominium,-0.003900949690438717,407361.88594690664
2139.962299521619,3,1,College,13,single family home,-0.06521352144973207,391233.8364206068
1950.924805178521,3,3,Ganda Gara,16,single family home,-0.00692130444748263,484051.3956931487
2455.089454046296,5,3,Ganda Gara,22,single family home,0.07793647868412533,617912.876274912
2158.609107595651,4,1,Ganda Gara,43,single family home,0.13085424186867717,573797.0812988474
2393.163981054488,4,3,Franko,39,condominium,-0.04487880566292521,627655.974860299
1766.7904516320284,5,3,College,22,single family home,-0.021025101189764195,565162.5670211724
1527.7768720408749,2,1,Posta,12,condominium,-0.01792213402899434,608376.7779100906
1794.9751533987258,5,2,Bole,6,condominium,0.08495650797154618,573294.9029006928
1991.4897930692798,3,1,Franko,22,condominium,-0.16829386869463028,606255.2541240864
2189.575867777541,5,3,Franko,23,single family home,0.0950670212952891,463611.8252006256
3129.6544753454264,4,3,Posta,44,condominium,0.2648011978305124,529002.7307683545
1978.8714241696787,2,2,Franko,27,single family home,0.13729066658418462,460074.0876357909
1522.0274997536114,3,2,Posta,18,condominium,-0.0121435009254124,450592.04161353974
1827.0091121503067,3,1,Posta,9,single family home,0.18059445614385428,442287.82545797946
1768.202012676953,4,2,College,18,single family home,-0.10252859882328816,598040.5211549432
2240.740736886731,5,3,Franko,22,single family home,-0.12089868518603775,728306.6443406326
1229.6014927776876,3,3,Franko,3,single family home,0.12029390425000433,337774.69263862295
2031.6309971001658,5,3,Bole,48,condominium,-0.12188958323807345,398363.0324700669
2078.2532689826876,3,3,Posta,49,condominium,-0.06559708055946199,763753.351400703
2116.090518100138,4,2,Bole,49,single family home,0.05588652040109752,712348.8780016934
1701.3419655173186,3,3,Bole,42,condominium,0.07026551934709019,461107.7988767152
1881.0391351319965,3,3,Bole,30,single family home,0.1673711721724735,381847.6444549854
1287.9695455087342,2,3,Ganda Gara,26,condominium,-0.24831097851516196,368449.2178388635
1753.340058318903,3,1,College,20,condominium,0.07979943459936077,474002.6527695014
1728.569261991641,4,1,Posta,33,single family home,-0.030319300477695262,510375.57177625125
2208.0250231307127,3,3,Franko,13,condominium,-0.07098540997935382,486920.06027869205
1421.9087840890436,4,2,Ganda Gara,48,single family home,0.14670337341270878,433431.4160103527
2390.5990508549967,5,2,Ganda Gara,39,single family home,0.01644855768442965,612427.592176008
2747.2422722456845,4,1,Ganda Gara,45,condominium,-0.09892172086963179,598112.9619362022
965.0074874932338,5,1,Franko,18,single family home,0.12242733160443664,314625.52833049954
2213.1293653890507,3,2,Ganda Gara,30,single family home,0.010718142070952027,438921.70427823544
2338.454017515123,4,1,Ganda Gara,5,single family home,0.10188205659656001,648604.1596364344
1681.2814872238855,2,1,Franko,23,single family home,-0.1008726465981053,282127.6927750327
1801.3640928356012,4,3,College,15,condominium,0.03521998489480487,430524.7742601206
1933.5597112065223,5,2,Ganda Gara,37,condominium,-0.021646358463545495,438546.9164774384
1851.1045602991358,5,3,Posta,17,condominium,0.004829135164953186,718201.8235062945
1845.493515476439,2,1,College,16,condominium,-0.11782490209915962,470550.1066587362
1161.9980968350117,4,1,Franko,32,condominium,0.053409601768514205,336564.4273835124
2576.1657823915602,3,1,College,18,single family home,-0.04511475787690853,788225.2732851513
2539.8092960184104,4,1,College,1,condominium,-0.031552609589806095,638189.7312039032
1593.3178703978986,4,2,Bole,16,condominium,0.17262005827179003,483646.18328890693
1266.787836098743,4,2,Franko,3,condominium,0.26552307036106143,301129.51284280984
2260.5324382263793,2,2,College,30,single family home,0.07187678521800685,534351.0235433367
1712.106015093467,2,2,Franko,40,single family home,-0.31669546081957833,531660.2302599594
2070.97658166039,2,3,Ganda Gara,46,condominium,0.055189936138781794,709242.658722755
1840.3357914274525,2,3,Franko,35,condominium,0.012648062769872915,505529.59841007245
2345.7693755350933,2,3,College,14,condominium,0.026916808832638306,576289.8762722681
2347.374571828003,3,1,Franko,31,condominium,0.05420885841173793,563788.0147290492
1637.2013107682078,4,2,Bole,4,single family home,0.02728399432120084,495739.96745253337
1308.3180223024724,4,2,Bole,34,single family home,0.07344479021947929,460553.282932312
1208.530801332459,3,2,Bole,36,condominium,0.07019957696456802,446696.07982104376
2305.1896895536024,3,3,Franko,20,condominium,0.14463717479353405,654175.3240526633
1405.5703711079855,3,1,College,5,condominium,-0.10904935010757906,316917.5253754851
1746.5918228506562,3,1,Ganda Gara,12,single family home,-0.19507147456875706,777621.0809941341
1701.842980774746,2,1,Posta,38,condominium,-0.15374307188404845,633758.5056426536
1973.716351865227,4,3,Ganda Gara,15,condominium,0.04218916102079093,589690.963631157
1031.8600970767466,3,2,Bole,48,single family home,0.022217249534233582,260331.84362022314
2094.3892983969145,5,3,College,13,single family home,-0.04781565096646151,552045.4320314162
2261.945511917103,3,2,Franko,39,condominium,-0.160759674634691,595303.9240480555
2044.2110435223308,4,1,Franko,43,condominium,-0.007456270266994986,522075.9018029008
1844.5569141507642,5,2,College,29,condominium,-0.047912553711063635,418134.1084582028
2048.7000831343917,3,1,College,21,condominium,-0.006214264639305946,642503.0503855433
2199.523172820065,2,1,Bole,33,single family home,0.22380712428169802,617262.6974353665
613.7036217866748,2,1,Bole,44,single family home,-0.039505989267773815,199955.10407754558
2977.956154125347,5,2,College,7,condominium,-0.1166159100282397,714901.0732523012
2195.046661343963,2,3,Bole,15,single family home,0.06012432173489227,647766.4153951247
1673.79570880649,5,1,Posta,49,condominium,-0.029043736240525232,359287.4630236302
1804.5233124061995,3,2,Franko,38,condominium,-0.22972431352265008,541123.7240362407
2246.8708886745944,4,1,Bole,46,condominium,-0.01243913073845176,612471.3351808031
1941.9480304828166,5,2,Bole,3,single family home,0.0439874712741982,558544.9321624367
984.6577661092529,3,3,Bole,10,single family home,0.01205420011176527,453284.35128624795
3032.2464306796596,5,1,College,28,single family home,-0.0010768263954399552,609451.2536823711
1944.7296713837636,4,1,Posta,48,single family home,4.5405963831104314e-05,541433.7707474055
2510.0863558579,2,1,Bole,30,single family home,0.09848826005121838,732948.2723799965
1653.9750761078044,2,3,Posta,35,condominium,-0.009513939415651108,537651.2494601476
2768.188527122899,5,2,Posta,6,single family home,0.023076548775159186,444452.76975392416
2143.17184444614,4,1,College,25,condominium,0.055547351943849625,614156.409021699
2304.421917237725,3,1,Bole,43,condominium,-0.14572384383391912,666884.7899827174
1477.3733169265226,3,3,Posta,46,single family home,0.09149956836335796,57980.64874203707
2605.5726448413507,3,2,Bole,11,single family home,0.013321708182600638,695295.8203536716
2344.9090822673943,5,3,Bole,46,condominium,0.021109707174058016,601870.6311291397
2650.9231147824994,2,3,Ganda Gara,13,condominium,-0.002399268523642112,703167.2649584739
1685.9562201792105,5,1,Franko,5,condominium,0.05714938494924818,500572.64775934245
1759.4864407696061,5,2,Bole,34,condominium,0.03825261012301609,432663.7780847135
3151.958348841971,5,1,College,37,single family home,0.15175013406960602,824504.0092015741
1469.9920886392265,3,1,Franko,37,single family home,0.06220664036264506,593788.6186641613
1932.0251496608396,4,3,College,30,condominium,0.030299363450337086,447223.638042871
2568.4456813013476,5,3,College,39,condominium,0.03851369423558491,564902.6179484505
2048.862483857428,3,1,College,11,condominium,0.08215920436158257,389084.5910783382
2291.476839876647,5,3,Ganda Gara,43,condominium,0.009157556760144818,688399.5716037425
1800.2754853685624,5,3,Franko,36,condominium,-0.06467441895106057,306145.6736175651
2185.0279439237593,3,2,College,35,condominium,-0.0739620845878111,571534.3546470403
1346.7365741323417,4,1,Ganda Gara,13,single family home,0.09160637929717984,242863.56612676385
2829.065339809094,4,1,Franko,22,condominium,0.03573553543957478,701848.4968246472
1940.917977435715,2,2,College,7,single family home,0.0254881396136326,581747.7657651438
1659.9108980015749,5,3,College,32,single family home,-0.10755524146879823,404962.21661523316
2333.1915410159572,2,2,Bole,13,condominium,-0.01575614993502551,461253.66839186277
1769.6401063057233,3,2,Franko,43,single family home,0.1120023655303975,431079.17910393106
1332.8707642986233,5,2,Posta,3,condominium,0.082215550203114,382763.3386960591
1326.6412471012222,3,3,College,24,single family home,-0.03400711575014022,515378.43902457715
2346.8865763450663,2,2,College,25,condominium,0.018977226766671695,634375.6892640935
1920.2132809268664,3,1,College,11,condominium,0.05500835913218263,444423.32816897373
1933.1492201657804,3,3,Bole,12,condominium,-0.034664787773657287,581803.0678759348
2538.8719029881313,4,2,Bole,41,single family home,0.0754257244812016,478566.30729014566
1436.5870956216281,5,2,Bole,5,condominium,0.15902316388024282,472507.91357371403
1634.6611235675875,5,2,Franko,35,condominium,0.05274287748555128,482679.2197023437
1807.5600954093622,5,2,Ganda Gara,18,single family home,0.023538257924904087,445594.04095881584
2047.175794658537,3,2,Franko,5,condominium,-0.24168314748751094,457247.69809984555
1978.9142743547106,4,2,Ganda Gara,27,single family home,-0.0571679499839484,551930.8112985189
1856.556403805046,2,1,Posta,41,single family home,-0.05169569511015433,523284.2254314865
1969.1867989521763,5,3,Franko,8,single family home,-0.07783114063044345,716240.0474869111
1946.3473618544126,3,1,College,3,single family home,-0.08702427239767667,478140.47569002624
1640.1978057241035,4,2,Posta,35,condominium,0.15295392878720268,298352.0990134411
1593.5035057229613,4,2,College,34,single family home,-0.04205821506469812,295302.0661626261
2137.2581788619696,5,2,Ganda Gara,44,condominium,0.11750678973435012,580275.2286456458
1554.542458502236,4,1,Bole,21,single family home,0.01218103389890819,318991.5210375341
1421.3223704045731,4,2,Ganda Gara,30,single family home,-0.035828247158869224,500729.6071958755
1843.8538744371533,3,1,Franko,45,condominium,-0.11659892847915394,357926.54696740734
1921.166491918092,2,3,Posta,3,condominium,0.04409948797974104,630691.822152074
3128.361748649105,4,1,Posta,15,single family home,0.10219850854937823,725156.1092595215
1647.649862071883,2,1,Posta,11,condominium,-0.025496032897870627,395199.24426555214
2471.6303624847474,4,3,Ganda Gara,13,condominium,0.11162765840685632,686202.5816097186
2373.594167102316,4,2,Franko,27,condominium,0.1363896220144377,775789.5049739212
1405.527522398132,4,1,Bole,47,single family home,-0.07877761208984924,479750.5923914099
2386.6264887013,5,3,Posta,40,single family home,-0.03194246451412284,530821.679238538
1408.059679903341,5,1,Bole,49,single family home,0.00446849639736842,420408.8391352938
670.4138810016295,5,1,Posta,15,condominium,-0.10171275969974068,-13940.124594661
2303.1597621796905,2,3,Posta,31,condominium,-0.025161909624260227,614329.01750654
1122.0547082811404,2,1,Ganda Gara,4,single family home,0.03127344394925889,427987.45602582913
2225.4672309029575,5,3,College,15,single family home,0.054630890624231855,423650.28825712984
1657.9945511313917,2,1,Posta,43,single family home,-0.09599488940622808,339101.35353510454
2829.775398094936,3,2,College,22,single family home,-0.033161275450963555,626453.5373988213
2534.2546996580045,2,3,Ganda Gara,37,single family home,0.014529965407435862,562578.5625482943
1773.3070980743062,3,2,Posta,6,single family home,-0.04655541200529578,559019.2403079607
1656.081194485659,5,1,Franko,41,condominium,0.1382018116670181,598501.3602581386
1392.9612984529397,3,2,Posta,45,condominium,0.07193270583188315,388709.31159746525
1779.5386838537042,5,3,Posta,17,single family home,-0.06970741446260711,556311.7253430628
1859.8222524077455,5,1,Franko,8,condominium,0.20417939108395258,456317.7956021464
1817.6532278041573,5,3,Franko,21,condominium,-0.029018072365669167,520576.8399648309
2078.351927636182,2,1,Posta,20,condominium,-0.08666790354045603,591258.460524541
2289.2607488644394,4,2,Bole,3,single family home,0.055140587450328155,529158.8612205881
2174.827228496587,4,2,Ganda Gara,33,condominium,0.23884455564954404,525491.066029956
1617.9280380467785,3,3,Bole,36,condominium,-0.09903219528859364,443943.25722782704
1281.1042630992108,4,3,Posta,19,condominium,-0.07790195255332567,464744.5536909219
2682.2659240512357,5,1,College,48,condominium,-0.040235409496310236,387813.2231558911
1655.275407725031,4,3,Franko,18,condominium,-0.018074766053342222,468288.34786870825
1673.8532000324903,3,3,Franko,3,single family home,-0.10720268379980058,630884.1875799149
1739.4053438494445,5,2,College,10,single family home,0.1348764037603095,455974.34807103773
1078.4652249216756,2,3,Ganda Gara,43,single family home,0.035421109425682454,373862.2388148455
1761.0129979797566,5,3,Ganda Gara,7,condominium,-0.1883186400982503,565009.1761555151
1760.172092996026,5,1,Posta,22,condominium,0.1080427883333079,669908.3584364393
2310.1791491717563,3,2,Posta,46,condominium,0.10913504333022461,660065.5947547834
2349.228574553668,2,2,Franko,8,single family home,0.2048735851707631,697044.296247942
2001.8854445431348,5,1,College,22,single family home,-0.1496489287422212,617048.3901896373
2465.924187057152,2,2,College,10,single family home,-0.034727193590756204,701264.3426990528
2169.982491900631,5,1,Bole,48,condominium,0.0002780722355064063,534910.3071561445
1992.1589441987226,5,1,Ganda Gara,26,single family home,0.026453347330934462,493328.8491549997
2080.4640841491114,3,3,Ganda Gara,19,condominium,-0.0906686048244216,494401.749365814
1904.6732532093004,5,3,Posta,8,condominium,-0.11723813879859753,778282.5749865156
1802.5752429832748,5,1,Posta,15,condominium,0.237790668857229,413099.2418334594
1866.1332315530167,5,3,Ganda Gara,5,single family home,-0.0946314325141956,582267.8230763709
1435.9943342649967,4,3,Bole,29,condominium,0.1498327614010717,410071.8730909876
2140.220852658148,2,2,Posta,20,single family home,-0.07059386058436772,465593.25826841826
1503.4381945352097,3,2,Posta,10,single family home,-0.1378618939250538,424548.73418920307
2420.815632036818,3,3,Bole,28,single family home,-0.042218098658291875,700084.5618635854
1875.2707099195256,3,1,Franko,21,single family home,-0.14296930083078963,300604.12916774297
2024.7474908250454,5,1,Ganda Gara,3,single family home,-0.09522635379365528,671983.1206296841
2246.9183881404783,2,3,College,14,condominium,-0.20806810931813446,625747.5765578432
2321.6572325314637,4,3,College,33,single family home,0.08780938063184669,636593.6380425657
1214.6882956832737,4,1,College,16,condominium,0.023023978458151153,350224.8364925541
1896.548161918014,3,2,College,6,single family home,-0.17957571014936302,471038.99889989645
2440.0894560403913,2,2,College,13,single family home,0.14883786061344548,624152.7831745734
1150.9470902838727,4,1,Franko,43,single family home,0.0945769313513979,614166.9922145006
2193.6402376975316,3,3,Ganda Gara,38,condominium,0.19287649402147555,574632.9345472394
872.2178852989052,4,2,Posta,6,single family home,-0.058670374198410896,377845.4930494657
1488.7465781821982,4,1,College,49,single family home,-0.06625357539009129,447782.24862722063
2019.315275920094,2,3,Bole,31,condominium,-0.16043188673311132,625319.1649685454
1171.642448839023,3,3,College,8,condominium,0.06644284684191161,331352.332860614
1507.2446311579247,4,2,Franko,21,condominium,-0.2612469120017732,639189.8518974066
1264.0824962682066,5,3,Ganda Gara,20,single family home,0.1410244333097811,351222.33702890127
2824.0674661037797,5,1,Bole,35,single family home,-0.13419374532294856,761210.632251717
2082.1138777436668,4,1,College,27,single family home,0.016885822478841978,630812.8253601431
2283.6451389263348,2,1,Franko,40,condominium,0.04409127645464581,631569.597064362
1888.6624497424227,2,1,College,12,single family home,0.06643055638714129,616829.125554729
1823.2841256214006,4,3,College,19,condominium,0.019170261100653604,486535.5821563739
1191.7629056744836,2,1,Bole,18,condominium,-0.006297502829721699,424430.33869052795
1854.0813186260687,2,2,Franko,1,single family home,0.027624294801588345,490921.57375383016
1619.2538940941884,5,3,Ganda Gara,47,single family home,0.15462784008755126,720036.5143911277
2428.961962146168,3,3,Franko,5,single family home,0.010421308581462892,650983.7635226805
2570.550933328787,3,3,Ganda Gara,17,condominium,-0.15005244015986502,504277.75909573666
2733.2893577870886,4,1,Ganda Gara,43,condominium,0.14433704025051788,685644.7412339672
2426.275969730616,4,3,Ganda Gara,26,condominium,-0.0038520690221162932,562635.4400119166
1700.673031538507,4,1,Ganda Gara,34,condominium,0.0003113954633411081,579422.0906292453
1442.0515070198028,5,1,Franko,29,single family home,0.05980579469281544,277846.3599293103
2383.331590822543,5,3,Bole,47,condominium,-0.20074335645260788,522592.0620938585
2178.1464087361446,2,3,Ganda Gara,35,single family home,0.15810040394852026,395074.5179445484
1115.7307746614847,5,1,Posta,18,condominium,0.32835964405184326,335528.8835210867
2177.7408963718844,3,3,Ganda Gara,8,single family home,-0.0178398969630974,369712.7567602943
2407.259911243933,5,3,Posta,44,condominium,-0.023267130682668724,536663.1406608007
2029.462794590815,4,1,College,1,condominium,-0.0246620753570561,500323.84705242224
1907.4731644953292,3,1,Ganda Gara,9,single family home,-0.13884559854970144,626885.9096334144
1596.175756191822,2,3,Posta,21,single family home,-0.18736848313157012,447961.9533340955
1276.732650218306,3,1,Ganda Gara,2,single family home,-0.013810892836703635,406390.2812120976
2400.1489746700136,5,1,Franko,38,single family home,0.03959974117739858,547847.2321609173
1845.4427776141456,5,2,Bole,28,condominium,0.09538894723872159,616597.4812374806
1883.2666692281537,2,3,College,44,condominium,0.02255189314231175,494633.2583886099
2866.3605934595666,4,3,Bole,16,condominium,-0.09883171651834582,864372.0387555645
2342.250553429595,2,3,Bole,10,condominium,-0.050887422244908366,509262.1265490221
2185.412500640551,2,3,Franko,25,single family home,-0.0893738183415001,671777.1240770302
2071.0309025936176,2,3,Posta,9,condominium,-0.09037952730097355,326461.6077945703
2759.9974303828863,2,1,College,45,condominium,0.017168638657059348,680863.3520650933
2859.794653708097,5,3,Bole,26,condominium,0.024348582111237516,615734.3383312859
2464.752555739764,4,3,Ganda Gara,36,condominium,0.1944126039553686,571976.5154880874
2291.112295698962,3,2,Posta,47,condominium,0.20559578671087297,609058.9165403411
952.6984643969276,4,1,College,28,condominium,-0.04722258891246403,303214.6712715061
2061.860957116753,4,3,Bole,35,single family home,-0.09458414582982097,521428.73337574705
1934.946522903148,2,3,Bole,46,single family home,-0.03839196666929265,515827.2996236539
2046.9766146927843,4,3,Posta,2,condominium,-0.1361044828119503,681133.0639762131
2471.5230436612587,2,3,Ganda Gara,9,single family home,-0.1220050197209151,868389.5176723205
630.1614164052219,3,1,Bole,16,single family home,0.02542458263597256,252462.51011319275
1715.3439732649074,2,2,Franko,25,single family home,-0.010311447762541424,358954.2197065557
2134.952177470381,3,2,Franko,9,single family home,0.1333198228652896,454372.959157506
1766.5772269736187,4,3,Posta,18,condominium,0.05350387724220004,516534.00413958257
1291.5469434368702,2,2,College,40,single family home,-0.12569850784360465,280641.2359118863
2434.4817434483975,5,2,Posta,21,condominium,-0.004571291132448644,621494.4031139086
2138.435952923064,3,2,Posta,7,single family home,-0.05031719891107366,480801.5144635559
1514.4477147777577,4,2,College,37,condominium,0.016741463145889222,548400.9900302178
2157.4086022579118,3,2,College,47,condominium,-0.03610555402217828,501738.3256697686
2410.792856024898,2,1,College,19,single family home,0.22771657814443935,682996.4278368929
2002.6463231496805,5,1,Ganda Gara,27,single family home,0.07201460133201601,511659.29048130324
2400.2824017154985,3,1,Bole,49,condominium,-0.0056041374825126855,508767.335340971
2039.1300875808306,3,2,Posta,16,condominium,-0.008514081129708624,566479.1909593098
1802.3855086728229,3,1,Franko,8,single family home,0.11857320224716968,310273.29329095036
1420.2897418000434,4,2,College,2,condominium,-0.0291212548816646,425681.16069257975
1957.0346165141937,5,2,College,29,condominium,-0.2594009540995195,612714.7010007192
2097.146469022886,5,1,College,17,condominium,0.08542506450040854,680022.3949235592
2437.9163807936657,5,3,Bole,30,condominium,-0.1161258113714349,629928.2442596229
1942.4462657563865,3,2,Franko,13,single family home,-0.07102977699937123,456377.9164878905
2228.707803110495,3,2,Posta,34,condominium,0.0926873033090125,558609.8932647441
1517.6939931331358,3,1,Bole,2,condominium,-0.06871881001451732,521494.09991223755
1608.6854220862374,3,2,Ganda Gara,30,single family home,-0.04981252460479052,405982.89388554683
1944.805350486556,2,2,Franko,47,condominium,0.12160953013280221,550944.2944049473
1472.6857680074932,2,2,Franko,31,single family home,-0.0027047507697063734,425274.49848130665
2410.1239186623407,4,1,Ganda Gara,18,single family home,-0.0445071779228792,723279.0685162551
2231.5651646593037,3,3,Posta,6,single family home,0.028844721692906257,596757.1696767866
2139.5478821962265,4,3,Franko,22,single family home,0.0500816614605952,643198.0966765934
2169.452062607972,5,1,College,6,single family home,0.022599649245947775,623286.6396479341
3010.5217807423987,3,2,Posta,25,condominium,-0.05344917812063935,898552.1805912968
1765.5679060166021,2,3,Bole,42,single family home,0.11038720450350006,450981.44881675986
899.279357249721,3,1,Ganda Gara,16,condominium,0.02864826639231681,292580.07193635055
2099.6500984482327,5,1,College,40,single family home,-0.16180782634386812,360297.9370720959
1974.698229519167,4,2,College,44,single family home,-0.017726236888854115,384930.0732116115
1741.2404787447983,3,2,College,41,single family home,0.04070420699792422,437422.166181622
1510.5850703206152,2,1,Bole,46,single family home,0.05490492547715482,469759.0323846279
1780.4052390989261,5,1,College,24,condominium,-0.011996575130033774,524078.6897376892
2090.669214608911,5,1,Franko,48,single family home,0.004019482052727463,629047.5482057488
1748.5916496787308,4,3,College,22,condominium,-0.10540228813005299,340252.046506732
3206.2268397718744,3,2,Posta,43,single family home,-0.02668054946709031,723503.3283727798
1519.747809183426,2,1,Franko,23,single family home,0.09132567056620802,458081.4700663883
1603.4413186461643,3,2,College,41,condominium,-0.008677989012456182,329913.52297538804
855.6899799927357,2,3,Bole,33,condominium,-0.03343189139412433,463266.78845078044
2125.7422075107684,4,1,College,10,condominium,-0.123387434021484,498959.15890463104
991.7966861001199,5,2,Bole,41,single family home,-0.010403736801399173,315857.98734893574
1730.2726833127492,4,3,Franko,29,single family home,-0.003731143774584689,550798.5244099853
1862.1647327197215,5,1,Franko,48,condominium,-0.022233207511790084,411894.27529192955
1645.1360170765558,3,2,Franko,46,condominium,-0.12067380920256493,649349.2435828226
2869.4363387272556,5,1,Franko,29,condominium,-0.065060155143149,720723.7709786063
2497.1971956577495,2,2,Bole,11,single family home,0.07963306498015646,582551.7491256401
2659.5684381507876,4,2,Posta,22,single family home,-0.1437577944686892,582624.8910700263
1558.7905907250406,5,3,Bole,12,condominium,0.1595278397410317,460696.64710692625
2564.297032257284,5,3,Bole,20,condominium,-0.1540318501178199,714735.2834184094
2248.000473171981,3,3,College,16,condominium,0.2093440495888491,821350.6324481833
2385.702974338423,3,3,College,10,condominium,-0.07577053422344739,695611.9355964581
2514.7194143913835,3,3,Bole,25,condominium,0.1288499721453968,648002.5321049924
1545.6183770204734,2,2,Ganda Gara,20,single family home,0.0009273329813317626,475266.13521902007
1787.8411895110494,3,3,Posta,15,condominium,0.059996472552966265,566838.4492460656
2431.2980056642255,5,2,Franko,37,condominium,0.05160268616730001,476685.02155295183
672.1904535125336,2,2,Franko,32,single family home,-0.10093922269863967,312840.0999177726
2756.6640412866027,3,1,Franko,7,single family home,-0.054931705718491486,574611.4596201135
2276.566032103792,5,2,College,38,condominium,-0.013609126250548881,540037.59905126
1977.1480196698826,2,2,College,30,condominium,0.08743139190454655,647096.949442242
2110.2538278785864,5,3,Posta,37,single family home,-0.045310334638019645,820748.1542014387
1485.0323583455117,3,2,Posta,38,condominium,-0.25392096531398917,557397.9724351899
1825.0283177054475,3,3,Bole,46,condominium,-0.045278461277625234,464025.0685136478
2550.142169110187,2,2,College,29,condominium,0.022729894347783376,730810.646360191
2649.010986163111,4,2,Franko,17,single family home,0.0730181949459377,781493.8996197658
3348.11202628179,5,3,Bole,6,single family home,0.07319954988061102,764330.0712663825
1963.0376668597924,5,1,Ganda Gara,19,condominium,-0.2006280935018132,527960.8248558387
1670.723516597498,4,2,Ganda Gara,18,single family home,-0.1790442575018124,470979.6271226287
1742.8830170300057,4,2,Posta,34,condominium,-0.07663950426584265,210151.59534590814
1490.9790623563176,5,3,College,27,condominium,0.0249363930730792,441459.691547203
1961.0726220295746,2,3,College,24,condominium,0.005477829336053891,530979.336565152
2191.366215006134,4,1,Ganda Gara,43,single family home,-0.05371485388736798,441906.50957340456
1982.878859734023,3,1,Posta,17,condominium,-0.013832380899272993,600971.3340166903
2548.173422832899,2,1,Posta,22,single family home,-0.12305594362127284,630100.6098013322
1882.8920993277318,4,2,College,46,single family home,-0.06243144515146232,455414.1546076186
1826.2746737507184,3,2,College,45,condominium,0.009837161844476838,504120.51447840966
1709.3657615698373,3,3,Ganda Gara,22,single family home,-0.2134064002346738,465451.9372456277
1183.6827368827524,5,3,Franko,48,single family home,0.10614789469372171,358405.45214412815
1216.116137845773,2,3,Posta,27,condominium,0.01788958469533852,386181.71848682326
1410.421034681156,4,1,College,47,single family home,-0.13466455033377198,307430.65460544603
2650.7140358323804,3,1,Posta,44,condominium,-0.014831813602620599,641946.8891961345
2447.630136444965,5,1,Franko,27,single family home,0.020475516413976373,659591.3889885804
2687.4820331964947,4,2,Ganda Gara,5,single family home,0.06035780023837889,569212.6477760323
1333.894172702749,3,2,Franko,39,condominium,0.1196582516259278,370641.0864142822
1015.6876551069898,5,3,Ganda Gara,14,condominium,0.053324033822036376,367194.1677709888
1669.9718399329586,3,1,Posta,10,single family home,0.09551893260189012,500390.85373610485
2087.909476648014,5,2,Bole,7,single family home,0.00381856419967683,506124.9657056845
2249.3451374549136,5,1,Posta,36,single family home,0.03794969751751773,473285.75283256447
2523.9860779840265,2,2,Bole,13,single family home,-0.017192491143526275,618370.6848484536
2142.1398354036073,4,1,Posta,6,single family home,-0.05227160630105596,550109.2236196869
2871.3343903278155,5,2,Franko,32,condominium,-0.04432803983471858,886899.6862516594
1888.6971595258397,3,2,Ganda Gara,29,condominium,-0.09882821249521193,500223.60682286165
1543.4603909791017,4,2,Posta,19,condominium,-0.10263731628185564,461533.6194141707
1159.3908922527833,4,2,College,26,single family home,-0.09915541425445114,349975.5288897374
1555.514320952275,4,3,Ganda Gara,29,condominium,-0.006979959891048156,514693.2753093861
2121.0589804925617,2,1,Franko,36,condominium,0.03336857916840346,500272.3731581723
1555.6398713231847,5,2,Posta,45,condominium,-0.09077217017380801,457122.71409950557
2468.3712317676286,5,2,Ganda Gara,16,condominium,-0.14062370837362964,551715.0240253052
2706.1638530187215,5,1,College,32,single family home,0.089189377360899,745847.5242451269
815.2065473866985,5,2,Ganda Gara,48,condominium,0.02849045435093513,332293.6450240118
2432.026150248824,3,2,Posta,36,single family home,0.07348855879475169,683857.2575862454
880.1979706691316,5,1,College,29,single family home,0.056027961609075506,212832.06565677017
2200.749527545144,4,3,Posta,32,single family home,-0.15038336693656532,501270.8075163405
2612.4352820968297,5,3,Bole,12,single family home,-0.08192939149112344,722759.810350208
2032.4280531717882,5,2,Ganda Gara,26,single family home,-0.04884975063664016,502066.0306411488
1360.1554133978802,5,3,College,19,single family home,0.05234156076115273,257790.97426348165
1707.2843978611136,5,3,Posta,33,single family home,-0.20870838620941276,449776.77730000997
1869.1772771445496,2,2,Bole,36,condominium,0.10221536600524855,634778.9636015608
1908.8776081050285,4,2,Posta,27,condominium,0.04548835809310167,559139.9428152908
1898.5515796166665,2,3,Posta,31,condominium,-0.1212062275678003,554869.7627510086
1945.0586103453431,4,2,Ganda Gara,5,single family home,0.10371149953423053,451433.6518375167
2106.7400244550845,5,2,Ganda Gara,44,single family home,0.06391012115639388,685338.3711785511
1395.7131731333893,5,3,Bole,15,single family home,-0.1937043570542833,322551.8761021961
1878.9900850648903,4,1,Ganda Gara,6,single family home,0.008238618114456779,664758.0496571669
2759.1305851778525,4,3,College,33,single family home,0.12198412086382034,744269.3978640835
1807.6772884287411,2,3,Bole,1,single family home,0.0409010340188696,323317.9353205976
1778.081953422401,2,3,Ganda Gara,47,single family home,0.15148491157082244,469968.9096394304
2539.098651857119,3,2,Franko,5,single family home,0.09489652396145803,651751.9769376382
720.4076668279517,3,3,College,22,single family home,0.03854958931916895,265926.34428239614
2590.689300644143,2,2,Posta,21,single family home,0.17958718713578964,635167.4711112654
1684.0481209974164,3,1,College,48,condominium,-0.055442247962270486,347775.2921567163
2081.964286226293,2,3,College,40,condominium,0.045491915352750475,630380.3598479015
2048.1606779605986,2,1,College,15,single family home,0.10230980200651613,561162.7800418353
2471.2340596101967,2,3,Franko,6,single family home,-0.002338362664293435,502139.96757532185
1866.202626882326,3,2,College,13,condominium,-0.07281088637290858,559423.4802746348
1660.9871092177748,4,1,Franko,49,single family home,-0.1600098403607803,667699.4963491037
2648.9228953255492,5,3,Franko,4,condominium,0.0726455923925495,652976.8332698641
817.9130914294099,3,1,Ganda Gara,30,condominium,0.08165808374219577,351150.6318331753
2010.1670908526216,5,2,Franko,34,condominium,0.02184674521205447,464924.4895816529
1326.0372886854398,5,2,Franko,49,single family home,-0.02441942992685171,423775.26710922347
1619.2133058717204,4,3,Bole,38,condominium,0.005296916568636555,632724.9947118835
3005.6283407315686,3,3,Franko,19,condominium,-0.1835625021375238,707546.4990709727
1977.7022867720716,5,1,College,10,condominium,0.014417284193074432,580828.3507677906
2097.5348485756904,4,2,Posta,37,single family home,0.17385080150016416,655665.0586599907
1109.2185721472042,4,2,Franko,49,condominium,0.028263923149194143,371049.94222587766
1635.477670602652,2,3,Franko,4,single family home,-0.040263651024966485,559051.4717677443
2098.2787003643925,3,2,Ganda Gara,49,condominium,0.0647386673390553,615830.4385545831
2177.378846556609,5,2,Ganda Gara,6,single family home,-0.1846608513718078,618194.4569523331
2308.4432771966394,4,2,College,9,single family home,0.08525495132494619,457662.78616778436
2004.313949458788,5,1,Bole,10,condominium,-0.013410008632675528,651655.1463721609
2263.5021042273297,3,1,Franko,18,condominium,-0.13677267802616977,449491.4734939592
2226.890956317842,2,1,Posta,43,single family home,0.0659286196825752,795461.3137527979
1085.129794497734,5,2,Franko,39,single family home,0.07058973530627616,403480.6380686403
2018.5028609550748,2,3,Bole,48,condominium,0.058312107082484715,686749.4141214082
2383.951203866352,4,3,Bole,24,condominium,0.03347051497464184,697983.1787050598
2294.93991036726,2,3,Posta,45,single family home,-0.06329893491214338,586892.658012541
1818.070595014605,5,1,College,4,condominium,-0.13770746516988294,556582.7815041976
1597.1867462303162,3,2,Franko,40,condominium,-0.058690748795085845,415201.19660496846
1440.8440378391838,5,1,Franko,4,single family home,-0.10293976848231068,563071.6760374233
1934.4729942292938,5,1,Ganda Gara,44,condominium,0.10339973766630212,383869.6078445449
2566.539939779861,2,3,College,6,condominium,-0.13566800735873422,703675.270743438
1024.097949259199,2,3,Posta,45,single family home,-0.1084048221046755,171164.6480467428
1670.054135135251,5,2,Franko,12,single family home,0.008885151723276424,326725.9232133763
1430.098772286613,2,1,Bole,42,condominium,-0.08703593589941265,364418.51869083336
2392.47876062025,2,2,College,44,condominium,-0.025194770217615983,763282.8035755107
1722.8451867143494,3,1,Bole,37,single family home,-0.17645408981401725,545943.7221231763
1764.6811709226042,3,2,Bole,16,condominium,0.03427448094380622,555041.0076523109
1891.5252150316755,4,1,Franko,31,single family home,0.04922957824831978,400296.2737033841
2222.6966254473987,5,2,Posta,1,condominium,0.021223874734679876,383420.7959813689
1803.8055009251816,2,1,Posta,17,single family home,-0.010949180211544778,465056.712653127
476.9284726000367,5,1,Posta,34,single family home,-0.030194561878184478,231040.95938159633
2271.65594569376,4,3,Franko,46,single family home,0.17609062656853514,646543.2184016213
2219.5214788360213,4,1,Ganda Gara,44,single family home,-0.024566533332310826,536822.8501216131
1890.2294858343935,3,3,Posta,8,single family home,-0.05215848494261336,509581.9864611506
1457.9816896640327,2,2,Bole,18,single family home,-0.05731579756983705,429904.93451394764
2175.8900553406793,2,3,Bole,38,single family home,-0.03343833307464864,562651.069139837
2189.6177667677935,5,1,Ganda Gara,42,condominium,-0.03759381611988408,576449.4867347279
1764.9835586495626,3,3,College,39,condominium,0.06959281169199825,374536.44933687674
1891.6342647122308,3,3,Franko,36,condominium,-0.012604972903174425,535801.1950074796
1534.9217487378394,3,2,Franko,18,single family home,-0.08627934166401455,475641.30837119627
1910.7054539563355,2,3,Bole,16,condominium,-0.12875360876642347,625752.1871121624
1224.7853274582594,4,2,Posta,43,condominium,-0.07555235486386715,403140.42070465145
2208.659410515918,4,2,Posta,26,single family home,0.0016803280561723502,525604.1035786576
1527.815754587853,2,3,Ganda Gara,9,single family home,0.013381199520363632,476431.70747134375
2119.051573916156,4,1,College,46,single family home,-0.1713787897373085,605612.8864874921
1297.0185418660503,5,2,Posta,46,condominium,0.15778698773977393,437618.0728044885
1704.9711770652302,2,3,Posta,16,condominium,0.021097528138571377,403578.53432241397
1944.7552974670361,2,2,Bole,48,condominium,0.180811693784253,677024.5210910682
1169.6500940653682,3,3,Posta,44,condominium,-0.043845912845079715,512153.52527023794
2057.573936570046,2,3,Franko,37,single family home,-0.11524182513282828,486618.69984783704
1810.4262185600387,5,1,Posta,36,single family home,-0.13957843132667105,595023.5970807477
1128.8219010953849,3,3,Posta,35,condominium,-0.09494321312591725,255330.7832273094
1348.3786229438422,3,2,College,45,single family home,0.14662467947449273,348724.3809276946
2302.5600420410833,4,2,Franko,2,condominium,-0.0843235656004689,371190.2977568952
2447.777992775662,3,1,Ganda Gara,36,condominium,0.04756360535365817,505629.022882111
1934.0456801100165,5,2,Franko,29,condominium,0.03667726698052722,516186.16835352546
2202.380906020249,5,1,Ganda Gara,28,condominium,0.30000581678915744,550232.4830557947
2111.9217816564556,4,3,College,42,single family home,0.06455711877605637,586974.6078992041
2164.811491063869,2,3,College,3,condominium,0.18686736041653865,471228.39203178935
2642.9920035401465,5,3,Bole,15,condominium,0.08229886941233022,627314.185842991
1246.500800892864,5,1,College,25,condominium,0.30111642813307216,283370.229044551
2338.2303661808114,4,2,Posta,25,condominium,-0.07253937785976511,636648.2683347381
1808.9955222110898,4,2,Franko,43,condominium,0.08736775055341467,629778.8190031953
1887.8705328741798,4,3,Ganda Gara,20,condominium,0.0354724789909809,595917.3354021609
1848.875134772465,2,2,Franko,6,single family home,-0.09001083308239899,502786.94783467095
1812.4264416693582,2,1,Franko,36,condominium,0.08269962012186731,581521.257446362
1386.9019041084905,3,1,Franko,36,single family home,0.1410712177324791,386207.80187597557
2091.669599628801,5,1,Franko,34,single family home,-0.16121446018127145,370174.3244037721
2835.4715163944284,2,1,Franko,27,condominium,0.010068430631869879,837728.4408929076
1971.9334897756214,3,2,College,13,condominium,-0.16611635945444697,600971.0487655863
1999.307478632452,2,1,Franko,27,condominium,0.17106262061692354,492545.1049237094
1656.3504814216683,4,2,Franko,47,single family home,-0.0042103801841314355,313336.3466647564
1941.2627267909443,3,3,Ganda Gara,16,condominium,0.1927611863854468,574754.7884237889
2233.083213017015,2,2,Franko,41,condominium,0.01001604400537366,411079.15236310306
1814.8787796478287,2,1,Franko,38,condominium,-0.0321354403528127,495855.25832896313
1773.0979794739994,5,2,Franko,16,single family home,0.09304154981179544,447856.27615365386
2201.6322700816236,2,3,Posta,36,condominium,0.13373423212706373,544129.8090506714
1540.9976150904772,5,3,Posta,22,single family home,-0.024996258492843773,566661.5962184587
2126.2483135384364,4,3,Posta,30,condominium,0.062109176082876354,644941.0818824043
2410.160898630711,3,2,Franko,23,condominium,0.005892023700333347,529086.0475325969
2679.974270839742,3,1,College,46,condominium,-0.1558663689479714,489968.702651714
1954.8089963615266,3,1,Posta,39,single family home,0.05979868544088018,392032.75368368824
2683.7986199033567,2,2,Bole,4,single family home,0.098231902146909,559085.6308510466
2517.204943240759,3,1,Posta,26,condominium,-0.12075140453569694,723789.4334429873
1501.8936798144669,5,1,Ganda Gara,16,condominium,-0.02733210757287288,445870.94739857764
1391.0307442034245,3,2,College,26,single family home,-0.023590785780542044,622766.7812282547
1847.5181810727897,2,3,Ganda Gara,4,single family home,-0.12343061893012018,646062.9930346253
2514.467746297427,2,1,Ganda Gara,46,single family home,-0.017072952124398393,531002.8840999688
1963.8564962199976,5,3,Posta,21,condominium,0.09056192319876094,471740.51956463355
1699.6712211711058,5,1,Ganda Gara,45,single family home,-0.005351270403550292,722369.5143993252
2776.1215900242805,2,3,Ganda Gara,24,condominium,0.073831352856048,598642.7451887163
2143.452244001673,2,3,College,4,condominium,-0.1666791859230431,644822.7448262802
839.7028621046293,4,1,Posta,24,single family home,-0.25905427350311866,284685.14687975624
2158.5803131463445,4,1,College,34,condominium,-0.09351047827400033,694493.025246691
2260.020307285434,3,2,Franko,4,single family home,0.020926028950564377,571366.584915024
2112.8043272355517,4,1,Posta,10,single family home,0.13399644017119589,518897.42364576476
2224.8560501159964,2,1,Ganda Gara,31,single family home,-0.1252777185199218,502864.9017088565
1966.3621955385092,4,2,Posta,16,single family home,-0.18525497640680014,606329.5267205
1340.8020651776328,2,3,Posta,1,single family home,0.0763907787098315,549872.9034203066
1814.6479983897732,4,2,Franko,16,single family home,0.12145936733540713,695451.678461178
1527.1921022218544,5,3,College,40,single family home,0.11286259973661482,395645.8777206622
1533.6295446028112,2,2,Posta,27,condominium,-0.04924012467730857,469183.95245753607
1368.4658254488622,3,1,Posta,25,condominium,-0.13248357814003922,420818.72053600516
2226.2445463198233,3,1,Bole,48,condominium,0.09533434302380168,770161.3493648464
2048.9480727063137,4,3,Posta,27,condominium,-0.023818065374334153,476178.5055556909
1775.9173186596458,5,1,College,3,condominium,0.13294935311777786,557106.557451424
1675.3310361348058,2,3,Bole,10,condominium,0.10005912860692895,456489.81736818264
1988.288447489274,3,2,Ganda Gara,35,condominium,0.007972757358213662,277922.7387678104
2539.5973640562447,2,1,Ganda Gara,33,condominium,-0.19607882100986396,572927.2619112749
997.8921422505424,4,3,Posta,13,condominium,-0.029148844105523455,444465.73287633935
2188.4382604254465,2,2,College,22,condominium,-0.04504147880082027,520545.28746856883
1727.1440129911089,2,1,Posta,3,condominium,0.048100954819417514,261662.94029223747
1057.7070775102761,4,1,Ganda Gara,30,condominium,-0.0569911846769277,276288.9050440589
1027.1484584180207,3,3,Posta,9,single family home,0.021552053530654727,179514.812832606
1543.6082529323542,5,1,Posta,21,single family home,0.05184997639079101,601175.208616235
2109.7547778965227,5,3,Ganda Gara,33,single family home,-0.05101348958875375,457472.9651668069
2196.531466990046,5,1,Ganda Gara,29,condominium,0.044556237266324586,487262.5254584276
1530.5092136611074,4,2,Bole,36,condominium,-0.09262805038391705,496463.1231245581
2508.5104957066224,2,1,Bole,1,condominium,-0.014002297034820615,599504.75769823
2711.491748258053,4,3,College,47,condominium,0.022181737635750737,776195.4816851193
2198.04329247828,4,3,College,11,single family home,0.050546974209001255,714800.1718400206
1704.2986660959446,2,3,Ganda Gara,4,single family home,0.027772725671777368,447442.2157227703
2562.209592255184,5,2,College,47,single family home,-0.04656538197249398,666810.6122871952
2377.697847831669,4,1,College,2,single family home,0.049486236410126644,698832.815656708
2433.703705677459,5,1,Bole,26,condominium,-0.023141725424940106,535861.1266753529
1671.7681625142343,3,1,Ganda Gara,13,condominium,-0.01783257224480107,415121.0075861013
582.7227473626488,3,3,Bole,11,condominium,-0.041246943626577506,261154.98757302095
3058.395510741838,5,3,Posta,49,single family home,-0.07921650012577314,886343.3318032935
1194.560798275033,4,1,Ganda Gara,23,single family home,-0.05508222213521091,378034.9857776477
1982.1159640698895,2,3,Franko,46,condominium,-0.0050268766715489506,294922.7427005442
3190.372675609875,5,1,College,30,condominium,0.09799142244271408,972902.0130554412
2165.288378137187,5,1,College,11,condominium,-0.0422963853465711,623212.6348543247
2474.6232367791176,4,3,Ganda Gara,48,condominium,0.08677024872830154,606406.4133242387
1248.8017153091437,5,1,Franko,4,single family home,-0.0694804107533845,422290.34102891455
1111.166522633147,5,3,Ganda Gara,33,condominium,0.029410455477684172,408186.0471117322
1733.6486040102227,4,1,College,37,single family home,-0.15911664953934027,449499.8903079694
2545.37486721725,5,3,College,10,single family home,-0.045744343181041286,645516.0912053582
1826.875276176345,5,3,Ganda Gara,34,condominium,-0.05911894416459586,573550.5358816918
1602.6818394642505,5,3,Posta,36,condominium,-0.03543782069451934,501077.6527233142
2098.983644972484,3,1,Bole,42,single family home,-0.11487958927730342,550617.8914781007
2540.9676092386326,3,1,Ganda Gara,6,condominium,-0.03918647973652231,717889.1709809571
1277.529900463314,2,2,Posta,31,condominium,0.018886880006069046,303464.7232044852
1394.7285029383243,2,1,Franko,44,single family home,0.19905526100795087,428999.6463274647
1605.665372745317,2,1,College,34,single family home,0.10595965673425645,470507.1117307213
2547.3191873560454,4,1,College,6,condominium,-0.011803834095444693,464615.25395421765
2117.4107629743658,4,2,Ganda Gara,29,condominium,0.05805185773592123,559144.7807381493
3066.0767052852216,4,2,Franko,10,single family home,-0.09170818857444413,857345.7285742026
2468.222862915558,5,1,Ganda Gara,38,condominium,0.046934710215621546,567841.6109855038
1982.4524115651648,4,1,Bole,44,single family home,-0.11495940265318233,539173.0422635843
2632.538919044383,2,3,Ganda Gara,46,condominium,0.04388903237777135,665626.1244783588
2105.748506365939,2,1,College,31,condominium,-0.06109604614707109,595246.9650798009
1647.5393237462777,2,3,College,32,condominium,-0.16639402242251902,423766.6319770883
2339.987422122551,4,1,Posta,2,condominium,0.05606337789045508,501495.32188024133
1651.8366730694586,4,3,Bole,19,single family home,-0.07612005640655482,366653.5868573844
1854.8014495980667,2,2,Posta,4,single family home,0.09975207095962735,505146.42378682387
2663.8913479789917,3,2,Bole,6,single family home,-0.04362608892919075,752532.2314466705
1949.3592568913002,2,1,College,18,condominium,-0.047245605039504264,371723.1325865559
1598.429306329186,4,2,Ganda Gara,39,single family home,0.05864326930138633,366672.0777625545
1767.8311542822541,4,2,College,28,single family home,-0.07068208671781298,554545.121665903
2510.8952927943365,2,3,Posta,43,single family home,0.21213087569067893,523144.58709924575
1723.7296632916355,5,2,Posta,8,condominium,0.03930427262598663,393309.84714144573
1806.5645765746767,3,1,Ganda Gara,44,condominium,0.17767281650628353,503948.01942315156
1744.8536301831857,3,1,Franko,44,single family home,-0.07660451007666957,483061.3026536547
2091.962747170155,4,2,College,41,condominium,0.1324968909014213,374001.0173209744
1807.255119812196,4,1,Posta,32,condominium,-0.1231579743995222,569510.4387237397
1199.0819755137315,4,2,Franko,33,single family home,-0.10921586100413871,373590.64492440823
1556.4095290774799,2,1,Franko,34,single family home,-0.047681491856226374,305570.26107173477
1533.6054792467808,4,3,College,42,single family home,-0.03385092911800078,610119.9179501646
2621.6596922275776,4,2,Posta,27,condominium,0.0023776417815034143,660682.3137709848
2406.3370210545213,4,1,Franko,49,condominium,0.15483027710472222,471945.25308446784
2293.629689699913,3,3,Posta,31,condominium,-0.09598989311376403,616710.5504857245
1747.320841367795,3,2,Franko,25,condominium,0.09038663310694604,448568.28867940925
1592.1042290030143,5,1,College,40,single family home,-0.09416048835732055,485453.4064586807
1746.2411991713216,5,2,College,45,single family home,-0.18498903201028727,435451.6911552413
1474.059948724163,4,3,Posta,18,single family home,-0.006047646742585302,448527.682841471
3248.6001957935036,3,2,College,18,single family home,-0.07077611883761786,930522.6798656647
877.3391758142991,3,3,Bole,45,single family home,-0.011184312524719756,209492.02865089988
2282.0042675369045,3,3,College,34,single family home,-0.254714341953322,609204.5205029778
1357.7238510037364,3,1,Ganda Gara,6,single family home,-0.052141800653182774,283224.8593049368
1947.8282542526538,5,3,College,47,single family home,-0.09413916210960172,632611.0077184486
1505.9990287531327,2,3,Posta,7,condominium,-0.00919793287770331,449553.4536650248
1411.1855187586846,3,1,Franko,40,single family home,-0.06692092558304849,325684.3970748519
1429.9018495325192,3,3,Bole,29,single family home,-0.0323895435008766,424526.03430703474
2877.493076871029,3,1,Posta,21,condominium,0.051659109936630566,655544.3259557564
1933.505788845204,3,1,Posta,2,condominium,0.0380000561795005,440768.67012368626
1617.1489027609568,2,3,Franko,18,single family home,0.18314896841732906,399104.67377691466
2277.8934820414365,2,2,Franko,8,single family home,0.11833689539254462,664104.2297099101
2005.1746572831496,4,3,Ganda Gara,37,condominium,0.006168264653682751,479143.996729651
2360.0168796708263,5,2,Posta,22,condominium,0.05518794281315947,635662.3712398965
1087.871672031085,3,3,Bole,41,single family home,0.03977180793076519,412057.0625532121
2151.8019522310005,3,1,Ganda Gara,42,condominium,0.06451275311928084,431654.60179026006
2386.347418551191,4,3,Ganda Gara,42,condominium,0.06127076980434546,655955.0177851521
1169.200854442718,2,1,Bole,21,single family home,0.2902302175678519,300358.3765896837
2224.0976422116564,4,2,Franko,11,single family home,-0.07847516915817211,411276.585251166
2848.0907864140804,2,3,Franko,8,single family home,-0.09938641603729755,669544.1605602679
1992.5711483226487,5,2,Posta,9,condominium,0.020162173604388697,580481.9514135089
2410.7029685124057,4,3,Ganda Gara,22,single family home,0.20856753246427703,711964.9665869443
2335.285225155455,4,1,Bole,23,condominium,0.17130617323915642,615806.9336929275
1646.2471512447116,3,1,Bole,16,single family home,-0.10691449481259636,406237.63402691757
2019.8833672932476,4,3,Bole,26,single family home,-0.05480601068684243,589744.1809607588
1216.5026445691988,2,2,Ganda Gara,43,single family home,-0.06668488959850598,267162.97850393853
1774.348481448737,2,3,College,34,condominium,0.18724015818975273,582629.5616069922
2132.843987483118,4,3,College,36,single family home,-0.017032624935850418,404711.07840010955
2361.550246868899,2,3,Posta,39,condominium,0.07051129295526096,606238.2976188583
2012.3060626239558,4,2,Ganda Gara,31,condominium,0.12753422368061582,433408.7995270037
2359.9918650715827,5,3,Ganda Gara,45,condominium,0.13173964354449907,763193.2947454865
1448.5468935223153,3,1,College,42,condominium,-0.023924075177753037,469467.99920728814
1949.1513627225643,5,3,Franko,14,condominium,-0.12228980607277425,723486.3955096145
2009.6396922565386,5,3,College,23,single family home,-0.04849547259390833,607004.1402102669
2924.795623339818,3,1,Ganda Gara,36,condominium,-0.14530844984829758,666831.8354149632
1892.916671899958,3,3,Bole,10,condominium,0.05244648802813126,600459.6334252171
1750.4916810029085,3,2,Ganda Gara,45,condominium,-0.011886614254176657,470013.69170615234
2010.6756119217744,4,3,Posta,28,condominium,-0.15721211768574725,547009.9290122604
1540.4432775650282,2,2,College,31,single family home,0.09282536287965396,483416.5422547246
2096.376924532608,4,3,Posta,13,condominium,0.01403565488052965,574491.5290873258
1817.4723917268711,2,3,College,15,single family home,0.08036538534775357,666464.9027169271
1104.336225979408,4,3,College,35,condominium,-0.12262446187417103,340806.41392112436
1970.7067244330697,2,2,Posta,35,single family home,0.059363728772940196,497093.2867862224
1841.2284530349004,2,1,Posta,13,condominium,0.0351397645832757,370753.1538730948
1183.7883489660085,5,3,Bole,42,condominium,0.01940453594257842,320393.65241562715
1966.432922692739,4,3,Posta,49,single family home,0.10191180271040695,749551.1731814223
2744.67798103724,3,3,Franko,34,single family home,-0.12011382592329377,597313.358957226
2260.651874137857,4,1,Ganda Gara,12,single family home,-0.09890878059336627,744449.4714115999
2305.9635963655787,3,3,Bole,28,single family home,0.10010967026170406,719688.7215146922
1329.2516372084788,4,2,College,23,condominium,0.06321359723836409,389409.63434221904
2238.449184461111,5,1,Franko,37,single family home,0.1588422640999799,655736.6087615017
2074.224790690039,2,2,Posta,43,condominium,-0.06284744274896435,399541.5784228733
2264.522619167216,3,2,Posta,3,single family home,0.1608013646331045,624995.3104645935
2211.3143108544127,2,1,Franko,27,condominium,-0.06022770037314323,604017.3006178943
1320.1096372480931,2,1,Ganda Gara,3,single family home,0.025097015743744483,303268.94290334935
1979.2995942210164,2,3,Franko,1,single family home,0.060426907995815154,480167.6702551598
1621.064569787417,5,1,College,16,single family home,-0.03114970028365621,675539.5353286621
1974.957952857589,4,2,Franko,21,single family home,-0.1249315762724071,564941.6189977456
1551.2995365490847,2,3,Bole,44,condominium,-0.02713334858723764,326735.80204230594
2656.235183570498,5,1,Franko,26,single family home,-0.014225303533337813,615242.6029534646
1570.5138057778288,5,2,Franko,16,condominium,-0.04933142812412483,614276.4023231525
1550.528921767232,5,1,College,25,single family home,0.10271301849800007,487720.3064800262
2037.2932032717767,4,3,College,4,single family home,0.2650153431088124,637207.2214562957
1461.4504652980027,3,2,Ganda Gara,9,condominium,0.06103239493074093,470841.3339239644
1787.6683487835671,2,1,College,46,single family home,-0.005089913198654256,479741.41595553304
1585.0177012310191,5,3,College,21,single family home,0.044545446795533405,298797.31455460447
2705.5860319448057,3,1,College,4,single family home,0.025612764667308982,463722.96896670415
2392.9019134155865,3,3,Franko,48,single family home,0.0010177224052117856,610463.9342471834
1971.2652407673027,5,2,Franko,47,single family home,0.055295694762712656,460133.2616065846
1804.3914739129918,4,2,College,20,condominium,-0.07620453794099012,541203.52164512
2470.4588072875567,3,1,Posta,33,single family home,-0.10700471542578592,768970.1908492002
2202.602040161444,4,2,College,49,condominium,0.07101353627563865,424357.76691765897
2249.0262023414284,4,1,College,46,single family home,0.0835459086143897,765087.3176541548
1986.9038813278748,3,1,Ganda Gara,7,single family home,0.03591943162830621,432369.9475414554
1155.884986114284,3,2,College,17,single family home,-0.12011116639803848,344887.88496621256
1943.7670087202237,3,1,College,8,single family home,-0.21088467761136107,471392.2755418134
1733.755040395466,4,1,Ganda Gara,24,condominium,-0.009994646941192203,550271.9708747792
2322.5276367299384,4,2,College,21,condominium,-0.01833558897582503,689710.269957235
2505.9212164970945,3,3,College,3,single family home,-0.09381169175711462,597456.5278373483
1671.0244776194156,5,1,Bole,32,single family home,-0.04131864758672127,490884.3872475312
2234.1926171385257,5,1,Ganda Gara,27,condominium,-0.142595170440959,619647.7550369921
2867.9394988428567,4,1,Ganda Gara,47,condominium,-0.16287618523944347,789892.3987752793
1666.1436397147204,5,2,Bole,7,condominium,0.0479768836932778,405990.73130870145
2840.960870036569,3,3,Ganda Gara,43,single family home,0.06811994982939093,813587.1609921791
1573.7070764146765,4,2,Posta,14,single family home,-0.0001326034723602305,536719.2876511646
2011.4798778039758,5,2,Franko,49,single family home,0.34181324205119146,426304.5961099387
1994.4271940790793,4,2,Franko,31,condominium,0.07458310424278052,564554.8660783626
2005.7494499350312,5,3,Ganda Gara,39,single family home,0.16784331800802038,842404.9342095717
1581.1609790460275,5,2,Franko,44,condominium,-0.025031081154096836,407859.779018973
1704.4084481177852,2,2,College,38,condominium,-0.020835868427471548,406929.31128014845
1666.1398568203003,5,2,College,46,condominium,-0.0162029099349451,258073.9831109751
2163.481297702229,2,3,Posta,49,condominium,-0.25776560550317285,694220.9458140288
2165.0175572551557,3,3,Bole,34,condominium,0.007135939743657104,584069.8711074587
3112.9721658691296,2,3,Franko,24,single family home,-0.08359759812187206,815711.449369852
2685.494503145561,4,3,Posta,5,single family home,0.021518725184743313,747297.2455189355
1745.0783789307604,3,2,Franko,9,condominium,-0.11054340707578414,474892.6059648864
2162.434807898093,2,3,College,17,single family home,-0.0562602288839461,547325.7556090963
2498.55899039588,3,1,Posta,2,condominium,0.10954898371836277,579686.9199731852
2015.300912169259,5,2,Posta,46,single family home,-0.008796337760038513,641635.3521813233
1965.1792107765323,3,1,Bole,17,single family home,0.10902178260965284,477375.1340626136
2025.7874713849444,5,3,College,39,single family home,-0.07723589798302577,484028.56758691696
2433.638314404214,4,1,Posta,49,single family home,-0.06294809006584394,720583.9380479702
1575.8397385973838,5,2,College,5,single family home,-0.14456468385033458,676523.55165081
1837.165265589913,5,2,College,27,condominium,-0.038063676821630345,503295.3145665712
2235.216572423241,5,2,Ganda Gara,45,single family home,-0.021860928593126445,546425.5513021731
2155.723535777078,2,1,Ganda Gara,12,condominium,0.03174252129220817,531259.1452951652
2119.7913799281955,4,2,Bole,6,condominium,-0.10484687557036979,552642.7790122086
1815.0994168480984,3,2,College,39,single family home,-0.02847708831101612,328694.4425019529
2486.2678945712687,5,1,Ganda Gara,44,single family home,-0.0315873157411131,551837.4159237209
3066.9341236022688,3,3,Franko,31,single family home,-0.045903788872914825,584931.2263587379
2203.207746838103,3,2,College,25,single family home,-0.03580150886370955,674785.5860082897
1903.41164922508,5,3,Posta,12,condominium,-0.14510854541114526,410471.8020413
2377.8701444472713,2,3,College,46,single family home,-0.03518373205041909,569216.4898554614
1730.433681623505,4,2,Posta,18,condominium,0.12893578047208595,575437.8726205823
1625.1548276485516,5,1,Bole,38,single family home,0.07773989101463306,420971.7123710087
2016.4043738068558,5,3,Ganda Gara,6,condominium,0.09716208588600823,771411.7587546844
708.6016835150276,4,1,Franko,27,condominium,-0.029343545674133054,259909.3967901014
1423.0248181739953,2,2,Ganda Gara,26,single family home,0.10259482771809261,356735.78119735344
1826.0190720395772,4,2,Posta,14,condominium,0.041817516867711506,432334.01708704367
1323.3055709261434,5,2,Bole,21,condominium,0.16077002678536687,528543.3076489818
1483.6784490539353,4,2,Posta,5,single family home,-0.17462077674236437,383723.2448665305
1781.6258312709963,3,2,Bole,16,condominium,0.015769162838406122,350243.00604260224
1178.5173532346953,3,2,Bole,36,single family home,-0.06797525215525539,267851.2210124343
1796.964101870084,3,1,Franko,41,condominium,0.0012993124089278115,338053.18475239084
1732.3649177335778,2,2,Franko,3,condominium,-0.005961530286337033,459133.9493465349
2012.702604192508,3,3,Ganda Gara,8,single family home,-0.10197139513091331,623582.57092094
2577.09201524701,4,3,Franko,11,condominium,0.057595017223184844,596919.0573381664
2086.252208246433,2,2,Posta,28,condominium,-0.02875068388619765,595433.234731164
2010.5310106710317,4,1,Posta,14,single family home,-0.06131185120901992,472214.14715283684
2049.727228515356,2,2,Bole,13,condominium,-0.00538673563466716,861876.0434601766
2113.6963875605643,4,2,Ganda Gara,36,condominium,0.023159062302248592,732691.7387055291
1491.6306756951155,5,2,Ganda Gara,12,condominium,-0.030043724057816853,529519.421251183
1942.6123376146008,2,2,Ganda Gara,1,condominium,0.25668100181431114,479982.64458519244
2154.3756209183066,5,1,Bole,37,single family home,-0.045766965044201025,617400.8194797536
1314.6200087284697,5,3,Franko,31,single family home,0.01878196388520881,360973.2296869134
2432.8264614079267,5,3,College,7,single family home,-0.2779072938993425,626329.3807641462
2540.688017229095,5,3,Posta,32,condominium,-0.0396259767606206,724133.2407811214
1684.3120057753056,5,3,Bole,49,single family home,-0.10524834794290022,509284.6980644506
1879.3311042734476,5,3,Posta,43,single family home,0.009537100525328445,567155.170235777
1560.9048285949634,4,3,Franko,40,single family home,-0.06906667048356331,454196.0388878788
2349.6902417939086,3,1,Franko,2,condominium,0.10649573344143362,461719.3091930972
1469.3888562770453,2,2,Bole,18,single family home,0.034361427189269066,469033.33176277915
1888.76149487854,4,1,Bole,42,single family home,-0.1280858111825572,726626.2170951896
1570.5400460961641,4,1,College,35,condominium,0.031420058962460064,490258.2343558454
2025.4771385056447,4,1,Ganda Gara,2,single family home,0.18336666361284285,652101.9910831753
1102.8853642551394,4,1,College,39,single family home,0.0469489234987045,491512.7280086777
2663.2308211828467,3,1,Bole,17,condominium,0.0954186475298702,602806.4438799213
1517.696787896868,3,1,College,13,condominium,0.15668493815743925,370184.5379029119
2029.947341558138,2,2,Posta,1,condominium,-0.09205630694478689,616581.5627641658
1893.7384776148454,2,1,Franko,23,condominium,-0.028552574852001134,409320.3206541756
1618.942744038751,4,1,Franko,33,single family home,0.01753990099706573,660808.2335651733
1556.1099316820323,2,3,College,17,single family home,-0.0674195251524408,450441.71271952207
2468.1992717762296,5,3,Ganda Gara,28,condominium,0.04577138060040198,677955.6837178486
1737.17970344903,4,2,Bole,35,condominium,-0.0810545935557796,624413.5019753553
2135.5850923186554,2,1,Franko,25,condominium,0.04780702581804594,305079.19077698194
1599.2515573028127,2,3,College,35,condominium,0.14900463930356286,388198.6038598263
1676.4092840761195,5,1,Bole,3,condominium,-0.15127441429989164,352564.32304203085
2236.1235750439246,4,3,Franko,31,condominium,0.0702295724928249,609406.54573695
2465.2042480555583,3,3,College,31,condominium,0.07266009577739684,685342.4595595705
1912.34179883649,4,3,Bole,6,single family home,-0.001898752123441451,578369.4861793079
1289.0400641797814,3,3,Ganda Gara,49,single family home,0.14770179031945668,363511.27467837743
2998.978039875002,2,1,College,25,condominium,-0.15473609737134655,759704.2430010864
1571.7253458828952,3,2,College,7,single family home,-0.0779101433416804,543980.9866975793
1229.2063001641063,4,3,College,14,condominium,-0.20926735740825078,376556.00270093867
3297.2122938840757,2,3,Franko,18,condominium,-0.05051817854296429,729628.9890514764
1797.9838530745315,3,2,Ganda Gara,38,condominium,0.13234430365420918,627423.6514724108
1269.133655869296,3,1,Ganda Gara,19,single family home,-0.1729759795951132,466147.25662426534
1658.280116605659,4,3,College,20,condominium,-0.05079303843634414,573701.8428178988
2183.7724480111347,2,2,College,3,single family home,-0.05524291508703284,638048.8493188503
2095.15577879697,2,1,Ganda Gara,24,single family home,0.09040707751978312,504326.413387733
1574.135401373205,3,1,Bole,18,single family home,0.029692735973328273,403685.12293284165
2911.36180006398,3,1,College,33,single family home,0.016037487215515147,610903.342076663
1739.2101610033135,3,1,Ganda Gara,34,single family home,0.048529402252688154,438491.1891343873
1407.656704794224,5,1,Franko,44,condominium,0.03526964245845815,640929.0256355498
2480.3466992303297,2,3,Ganda Gara,19,condominium,-0.028635116244041293,646420.5768453376
2664.531423269841,3,3,Bole,43,single family home,-0.10529302507766956,661038.4000598167
1591.2534511918868,3,1,College,34,single family home,0.002161468830108573,385390.7724925272
1299.3263534803448,2,2,Ganda Gara,9,single family home,-0.04533389984709342,474191.61365274806
2515.2191337078025,5,1,Posta,42,condominium,-0.07857047092411662,599457.5721763001
976.3381934710192,2,3,College,13,single family home,-0.1843277455905415,174162.11498102598
1386.6891703016922,5,2,College,46,condominium,0.17031945449969807,440613.7182699081
2483.7230750251174,4,3,Posta,2,single family home,0.03459065221982307,398650.8886836958
1972.323725988805,2,3,College,30,condominium,-0.13569742966745,531277.3191697017
1868.031325703656,2,2,Franko,47,single family home,0.004206418095415785,355320.0612615822
2176.408303247189,4,1,Franko,13,single family home,0.18059331208347384,581746.4832672996
1923.6127882272956,2,1,Bole,1,single family home,0.001857262414972694,518171.5953128391
1350.656638918455,4,3,Bole,34,single family home,-0.048500345166370466,296627.70184602257
2638.037673003094,5,2,Ganda Gara,27,condominium,0.1514196114772282,769817.0932196948
2662.5070264434075,2,2,Ganda Gara,44,single family home,-0.07643937524010383,641018.3168243691
2102.66628188898,4,3,Franko,40,single family home,-0.0317107311769305,672326.3914521937
2022.567007716005,3,2,College,31,condominium,0.030811148393019558,489004.24902175536
3169.812403010029,5,3,Posta,24,single family home,-0.03593149035992195,751890.5272037167
1861.7835774920813,5,2,Franko,41,single family home,-0.13554572412226362,374798.86832399014
1870.2115090829802,3,1,Bole,23,single family home,0.14084138232676152,513287.64781214023
2182.2406246202527,3,3,Bole,13,single family home,0.16483477219336137,554667.5663903293
2735.660978071169,4,2,Bole,3,single family home,0.18665575510367421,719418.9927841778
2796.385377208742,3,2,Posta,26,condominium,0.18659064057539762,621481.7352689202
1870.7136841616143,2,2,Bole,17,condominium,0.060538839288346614,555547.4707238838
2154.1656229796727,4,3,Bole,34,condominium,0.013636843083598109,598925.7180062071
1310.9582664679615,5,2,Ganda Gara,21,single family home,0.11574026986776338,455724.2527779086
1844.0119460418935,2,2,College,15,single family home,0.09952726892772773,547560.3085658737
1579.8548022603468,2,2,College,6,condominium,-0.007778635555493853,437022.44902965176
1496.5841238505081,5,3,Posta,32,condominium,0.004520905667485807,219273.40565168738
2840.7883581336637,2,3,Bole,48,single family home,0.14792081766577017,756921.3961886638
1603.8566690969276,5,1,Ganda Gara,17,single family home,-0.02203274316298512,506521.622079448
1734.1970459942727,5,3,College,1,condominium,-0.044758549669289334,424361.8278393161
2182.924393958429,5,3,Posta,48,condominium,0.03311916051093859,453646.7566865262
2648.912633486793,5,3,Ganda Gara,47,single family home,0.10056429734652109,732735.0433259766
2240.5575631944175,4,1,Bole,23,single family home,-0.03196761796975949,498186.8522877117
3379.677557010791,2,1,Posta,19,condominium,-0.002086972708329471,724465.7755231659
1962.6660108744252,3,2,Ganda Gara,36,single family home,-0.10724708680554416,464508.0392079636
2129.358220114873,4,3,College,29,condominium,0.05269461381355483,575292.7596611418
2137.800336992028,3,2,Franko,12,single family home,-0.02292014756256922,663425.2543436461
2717.5246933945773,4,2,College,39,condominium,-0.039806195399521356,593667.9107342383
2253.6194755548077,2,2,Franko,10,condominium,0.07604977562506766,696417.1331228954
1941.8851498064255,5,3,Posta,2,condominium,-0.08936380655618205,587399.7851086822
1526.2557025465603,3,3,Ganda Gara,16,condominium,0.011608628648272503,278275.77436609706
2122.2217279808165,4,1,Ganda Gara,36,single family home,0.11904328675589358,748720.7568712113
2700.67241564598,2,1,Ganda Gara,21,single family home,0.1206683241339504,536965.4549848421
1794.8091031710646,2,2,Bole,27,single family home,-0.07618834281661391,566626.3508654714
2264.4718092082912,4,2,College,45,condominium,-0.07922607354440574,501977.7458122264
2123.073894342422,5,3,Franko,13,single family home,0.09398104208634202,586996.9591441721
2431.7598291906575,4,1,Bole,48,single family home,-0.011683721845103363,538155.349554995
1597.6231296810654,4,2,Posta,42,single family home,-0.08389592998348312,585417.3699392767
3173.3235152632806,4,2,Posta,43,single family home,-0.19634993955452662,740934.8428735749
1360.4194464858708,5,1,Bole,16,single family home,-0.11292240092977866,373999.6842535488
1817.2244550069813,3,3,Franko,6,condominium,0.11734240687812779,496903.9897197492
2469.0462704528227,4,2,Posta,22,condominium,-0.04853264408638994,810073.6951227596
2148.3665862470566,2,3,College,29,single family home,0.035243071973826444,481849.9114299286
2414.9930795405517,3,2,Posta,39,condominium,0.05123074301393139,460778.431130179
1751.9488330087188,2,3,Franko,8,condominium,0.14038568460245943,466242.3463015523
1962.5975086598294,2,2,College,20,condominium,0.09192263749452789,523534.101266016
2006.1159918194087,4,2,Bole,7,single family home,0.12174358116355484,572501.4253589554
2784.629807267952,3,2,Franko,13,condominium,0.10552342784906976,629368.353147923
2345.2145121915246,4,3,College,10,single family home,-0.18756324805553995,682410.9943848178
2398.336054182336,2,1,College,27,single family home,0.07253566511954848,592331.339593287
1671.0369537316024,4,3,College,21,condominium,0.00694755112108057,459483.8316092254
2484.4413192815255,5,3,Franko,39,single family home,0.03702668796303454,697318.683281383
2112.7908317844017,5,3,Ganda Gara,37,condominium,0.0837073618922654,648788.2264158039
2694.5726578389636,4,2,Posta,32,single family home,-0.14058910768674818,658085.046948436
3007.0300774592342,4,2,Ganda Gara,42,condominium,0.03998663897799531,555211.9148144014
1846.6171119864978,4,3,Posta,21,condominium,0.022327239683883553,632598.7729734157
1796.8484347774688,4,3,Franko,17,single family home,0.04493833934833619,397145.01228134066
1567.9775044488151,4,2,Posta,33,condominium,0.11937576836442294,525949.5016678732
1928.2102441418397,5,1,Franko,28,condominium,0.03365778459150899,489386.8896069705
1808.9872755248082,3,2,College,13,single family home,0.08088010490920908,622354.9773462923
2179.752199785505,4,2,Bole,32,single family home,-0.04368651923638444,562736.6936407584
1927.716591533132,3,3,Ganda Gara,48,single family home,-0.07841437730940919,722311.1404143772
1819.2003596091902,4,3,Ganda Gara,39,condominium,-0.12466326893930729,475598.2321570533
2532.292568063926,3,2,Franko,37,condominium,0.040763895812408905,598362.248126991
1531.059884424274,5,3,Posta,24,condominium,0.014740791298262439,390680.5121758832
2216.5539765756716,2,2,Posta,19,condominium,0.07329801062061707,498933.25523925206
1797.0291364057582,3,1,Bole,27,single family home,0.03744416605340407,531026.6174990857
2362.184252434982,5,3,College,49,condominium,-0.1609445992532866,543544.029038329
2692.630773361115,3,1,Posta,14,condominium,-0.027921610976662306,594090.0712627192
1848.4508732879635,5,2,Posta,31,condominium,0.183913722670951,440713.9188089603
2220.5164536365755,2,1,College,16,single family home,0.015211459648662856,521555.14992269065
2089.3964328665897,5,3,Bole,3,single family home,0.08706875062474936,445791.99522812816
1600.2888002284517,4,1,Posta,12,single family home,-0.14117463797981675,438099.75292541593
2120.393754870969,4,3,Franko,5,condominium,0.03100672135191911,615242.7550911384
2144.560252639406,3,1,College,8,condominium,0.014199525809530655,514193.5289016198
2206.4354102230873,4,3,Posta,18,single family home,-0.021935062079761068,572654.5814091035
1900.8005515899772,4,2,Bole,20,single family home,-0.25659730824028304,397284.0103611308
2047.0961501550732,2,1,Ganda Gara,1,single family home,0.09186755586552399,461754.6511005437
1426.1945275784324,4,1,Franko,29,single family home,-0.047472896714088976,373341.0063869839
1820.9429622600717,4,1,Franko,37,single family home,0.1356479626550219,522553.43747685273
